
-- Inserción de datos en las tablas

INSERT INTO Cliente (Rut, Direccion, Nombre, Apellido) VALUES
(12345678, 'Calle Falsa 123', 'Juan', 'Perez'),
(87654321, 'Avenida Siempre Viva 742', 'Maria', 'Gonzalez'),
(23456789, 'Pasaje Los Naranjos 456', 'Pedro', 'Lopez'),
(34567890, 'Calle Luna 789', 'Luisa', 'Martinez'),
(45678901, 'Boulevard Sol 321', 'Carlos', 'Fernandez'),
(56789012, 'Calle Estrella 654', 'Ana', 'Mendoza'),
(67890123, 'Avenida Mar 987', 'Diego', 'Garcia'),
(78901234, 'Pasaje Montaña 111', 'Elena', 'Torres'),
(89012345, 'Calle Río 222', 'Lucas', 'Vega'),
(90123456, 'Avenida Lago 333', 'Isabel', 'Ramirez'),
(12389012, 'Pasaje Flor 444', 'Mario', 'Santos'),
(23490123, 'Calle Árbol 555', 'Sofia', 'Morales');

INSERT INTO Auto (Modelo, Color, Marca, Patente, Estado, Precio) VALUES
('Model S', 'Rojo', 'Tesla', 1111, 'Nuevo', 75000.00),
('Civic', 'Azul', 'Honda', 2222, 'Usado', 20000.00),
('Mustang', 'Negro', 'Ford', 3333, 'Nuevo', 30000.00),
('Corolla', 'Blanco', 'Toyota', 4444, 'Usado', 25000.00),
('Camry', 'Gris', 'Toyota', 5555, 'Nuevo', 27000.00),
('Accord', 'Plateado', 'Honda', 6666, 'Usado', 23000.00),
('Model 3', 'Rojo', 'Tesla', 7777, 'Nuevo', 35000.00),
('Focus', 'Azul', 'Ford', 8888, 'Usado', 22000.00),
('Altima', 'Negro', 'Nissan', 9999, 'Nuevo', 24000.00),
('Sentra', 'Blanco', 'Nissan', 1010, 'Usado', 21000.00),
('Civic', 'Gris', 'Honda', 2020, 'Nuevo', 19500.00),
('Model X', 'Negro', 'Tesla', 3030, 'Nuevo', 80000.00);

INSERT INTO Servicio (Id_Servicio, Descripcion_del_servicio, Precio) VALUES
(1, 'Cambio de aceite', 50.00),
(2, 'Alineación', 70.00),
(3, 'Lavado completo', 30.00),
(4, 'Revisión de frenos', 100.00),
(5, 'Cambio de neumáticos', 150.00),
(6, 'Revisión de motor', 200.00),
(7, 'Cambio de filtro de aire', 40.00),
(8, 'Balanceo de ruedas', 60.00),
(9, 'Revisión de suspensión', 120.00),
(10, 'Cambio de bujías', 80.00),
(11, 'Limpieza de inyectores', 90.00),
(12, 'Revisión de sistema eléctrico', 110.00);

INSERT INTO Ticket_de_servicio (Id_Ticket_de_servicio, Fecha, Id_Servicio, Rut) VALUES
(1, '2024-05-01', 1, 12345678),
(2, '2024-05-02', 2, 87654321),
(3, '2024-05-03', 3, 23456789),
(4, '2024-05-04', 4, 34567890),
(5, '2024-05-05', 5, 45678901),
(6, '2024-05-06', 6, 56789012),
(7, '2024-05-07', 7, 67890123),
(8, '2024-05-08', 8, 78901234),
(9, '2024-05-09', 9, 89012345),
(10, '2024-05-10', 10, 90123456),
(11, '2024-05-11', 11, 12389012),
(12, '2024-05-12', 12, 23490123);

INSERT INTO Vendedor (Id_vendedor, Apellido, Nombre) VALUES
(1, 'Martinez', 'Carlos'),
(2, 'Rodriguez', 'Ana'),
(3, 'Fernandez', 'Luis'),
(4, 'Gomez', 'Laura'),
(5, 'Lopez', 'Juan'),
(6, 'Hernandez', 'Maria'),
(7, 'Perez', 'Jose'),
(8, 'Sanchez', 'Lucia'),
(9, 'Torres', 'Miguel'),
(10, 'Diaz', 'Carmen'),
(11, 'Ramirez', 'Jorge'),
(12, 'Morales', 'Elena');

INSERT INTO Mecanico (Id_Mecanico, Nombre, Apellido) VALUES
(1, 'Jose', 'Ramirez'),
(2, 'Miguel', 'Diaz'),
(3, 'Laura', 'Herrera'),
(4, 'Carlos', 'Torres'),
(5, 'Ana', 'Martinez'),
(6, 'Luis', 'Gomez'),
(7, 'Elena', 'Lopez'),
(8, 'Jorge', 'Sanchez'),
(9, 'Lucia', 'Hernandez'),
(10, 'Pedro', 'Perez'),
(11, 'Maria', 'Garcia'),
(12, 'Juan', 'Vega');

INSERT INTO Factura (Fecha, Id_Factura, Patente, Id_vendedor, Rut) VALUES
('2024-05-10', 1, 1111, 1, 12345678),
('2024-05-11', 2, 2222, 2, 87654321),
('2024-05-12', 3, 3333, 3, 23456789),
('2024-05-13', 4, 4444, 4, 34567890),
('2024-05-14', 5, 5555, 5, 45678901),
('2024-05-15', 6, 6666, 6, 56789012),
('2024-05-16', 7, 7777, 7, 67890123),
('2024-05-17', 8, 8888, 8, 78901234),
('2024-05-18', 9, 9999, 9, 89012345),
('2024-05-19', 10, 1010, 10, 90123456),
('2024-05-20', 11, 2020, 11, 12389012),
('2024-05-21', 12, 3030, 12, 23490123);

INSERT INTO Mecanicos_en_el_servicio (Id_Mecanico, Id_Ticket_de_servicio) VALUES
(1, 1),
(1, 2),
(1, 3),
(2, 1),
(2, 4),
(2, 5),
(3, 2),
(3, 6),
(3, 7),
(4, 3),
(4, 8),
(4, 9),
(5, 4),
(5, 10),
(5, 11),
(6, 5),
(6, 12),
(6, 1),
(7, 6),
(7, 2),
(7, 3),
(8, 7),
(8, 4),
(8, 5),
(9, 8),
(9, 6),
(9, 7),
(10, 9),
(10, 8),
(10, 9),
(11, 10),
(11, 10),
(11, 11),
(12, 11),
(12, 12),
(12, 1);
